area_id,area_name,area_type,year,Aggravated assault,All Crimes,Burglary,Larceny,Motor vehicle theft,Murder and nonnegligent manslaughter,Property crime,Rape (revised definition),Robbery,Violent crime
1600000US0203000,Anchorage- AK,region.place,2006,670.5270587557437,10346.715065612261,624.0727136539764,3076.430001584489,520.360687380263,6.1218904397678,4220.863402618728,,167.4517090877663,933.4082364634198
1600000US0203000,Anchorage- AK,region.place,2007,588.7901119862604,9561.768411568863,511.7159729994158,2955.2125345777813,442.0325048743234,7.74260756945471,3908.9610124515207,,159.4273285892265,846.4077820244806
1600000US0203000,Anchorage- AK,region.place,2008,653.4127426196495,8505.7914506477,425.25386691803413,2590.0852650070697,273.505005927132,3.570561435080052,3288.8441378522357,,194.23854206835483,945.1276118656898
1600000US0203000,Anchorage- AK,region.place,2009,585.245322979174,9078.362160254146,569.3611013060361,2765.6194846452527,306.38898693963995,4.941757853865161,3641.3695728909283,,188.49276385457114,878.2209671726085
1600000US0203000,Anchorage- AK,region.place,2010,585.8769555064167,8740.967299730655,421.23898682207385,2816.7558742689453,280.02231912211454,4.477601658779199,3518.0171802131335,,156.37162716044278,837.6559410885394
1600000US0203000,Anchorage- AK,region.place,2011,548.2312134835244,8018.7233755956295,363.6914684043037,2609.8230371605127,210.4695997710091,4.0410163156033745,3183.9841053358255,,156.58938222963076,804.1622468050715
1600000US0203000,Anchorage- AK,region.place,2012,559.2642983456072,8738.630019756438,387.1058323276827,2859.501977315197,277.7935636133889,5.014324252949259,3524.401373256269,,163.13268236261587,828.7006548707475
1600000US0203000,Anchorage- AK,region.place,2013,497.9045265565778,9686.931258452856,440.1329081164115,3287.6392112337417,290.193852164766,4.675159873770683,4017.965971514919,136.24751632131705,174.31667529344978,813.1438780451153
1600000US0203000,Anchorage- AK,region.place,2014,565.8699129788321,9410.034981049166,456.34670401518724,3059.016415205804,311.6433127783715,3.982662144132543,3827.006431999363,130.10029670832975,164.61670195747845,864.5695737887728
