area_id,area_name,area_type,year,Aggravated assault,All Crimes,Burglary,Larceny,Motor vehicle theft,Murder and nonnegligent manslaughter,Property crime,Rape (revised definition),Robbery,Violent crime
1600000US1150000,Washington- DC,region.place,2006,765.7386549275188,11844.616786752187,657.9196258146613,2602.1013533265696,1213.5229480852233,29.06126941000464,4473.543927226455,,619.7444671814008,1445.841143191237
1600000US1150000,Washington- DC,region.place,2007,606.1615660250352,12128.160845294515,666.3357652322316,2800.650017338329,1244.7900022437839,30.767034057916817,4711.775784814344,,677.3847001149089,1346.9501540051538
1600000US1150000,Washington- DC,region.place,2008,609.8003997749365,12476.323557490035,638.8626521332876,3174.3752038159414,1046.0721183171604,31.427784527054087,4859.30997426639,,701.8871877708746,1374.5431565999193
1600000US1150000,Washington- DC,region.place,2009,549.4807865162918,11546.767568793493,616.3523480923261,3003.7171249564335,883.6718323975207,23.846965848810235,4503.74130544628,,666.7144717730303,1265.0565239795417
1600000US1150000,Washington- DC,region.place,2010,538.1213614902538,11510.445836373216,701.984135557391,2999.7191398700065,808.3453682176018,21.93700423616847,4510.048643645,,650.4654134876014,1241.1026336038344
1600000US1150000,Washington- DC,region.place,2011,477.18755461200396,11432.921895934602,622.8195651751792,3256.3317561925965,702.1081042595745,17.47584126758102,4581.25942562735,,607.770924083651,1130.2662153153094
1600000US1150000,Washington- DC,region.place,2012,537.541731045684,11619.694365063426,556.5193738010479,3510.231321650486,561.2637844898888,13.91693802060023,4628.014479941423,,589.0976605310893,1177.879027016256
1600000US1150000,Washington- DC,region.place,2013,576.0701926988827,11586.064793974467,512.6467826541615,3574.6052666180935,486.8133449042384,15.93319813318607,4574.065394176494,60.793658896525486,566.1699530821458,1218.96700281074
1600000US1150000,Washington- DC,region.place,2014,607.6859216898647,12395.63935267183,525.5785081948055,3927.9518829309163,558.9678445513915,15.935819624734211,5012.498235677113,71.33176403452458,490.36793530967844,1185.321440658802
